#k“xv”Τ†,Ο‘“_–ΌΜ,ά“x,o“x,k“x,Ε‘ε‰Α‘¬“xNS[cm/s/s],Ε‘ε‰Α‘¬“xEW[cm/s/s],Ε‘ε‰Α‘¬“xUD[cm/s/s],Ε‘ε‰Α‘¬“x3¬•‡¬[cm/s/s],Ε‘ε‘¬“xNS[cm/s],Ε‘ε‘¬“xEW[cm/s],Ε‘ε‘¬“xUD[cm/s],Ε‘ε‘¬“x3¬•‡¬[cm/s],Ε‘ε•ΟΚNS[cm],Ε‘ε•ΟΚEW[cm],Ε‘ε•ΟΚUD[cm],Ε‘ε•ΟΚ3¬•‡¬[cm]
42203,Zƒ–‘Ί”φιo,40.9669,141.3739,5γ,166.959,130.308,74.665,177.815,17.325,12.460,5.614,17.341,5.467,4.270,1.816,6.513
42101,Ξλs‰Τμ,43.1714,141.3157,4,27.144,27.848,8.748,29.544,9.392,5.786,2.288,9.468,3.482,2.477,1.121,3.551
41101,ηΞs–k‰h,42.8259,141.6414,5γ,93.796,130.160,44.172,131.961,14.580,16.366,3.497,17.848,6.551,5.941,1.558,7.173
47487,VηΞ‹σ`,42.7839,141.6788,5γ,105.678,97.095,47.991,110.142,15.772,20.225,3.682,21.770,6.127,6.302,1.449,6.589
47429,“n“‡X’¬δK’¬,42.1052,140.5766,3,32.532,28.592,16.850,32.983,4.583,4.555,3.049,5.220,2.249,2.031,1.373,2.335
47433,‹δ’mΐ’¬“μ‚Pπ,42.9009,140.7573,3,19.000,16.137,8.722,20.843,4.343,4.336,1.425,4.549,1.717,1.157,0.436,1.728
47223,°•Κs®’¬,43.5068,142.2192,3,21.267,20.930,9.771,24.120,5.018,3.047,3.570,5.432,3.017,1.241,2.257,3.250
41104,‘κμs‘ε’¬,43.5574,141.9108,3,20.766,19.138,11.409,25.795,4.870,3.609,2.417,5.488,2.237,1.956,1.058,2.819
41103,—[’£sαΨ,43.0287,141.9654,4,42.743,50.655,25.242,51.322,6.966,4.311,2.205,7.869,4.015,1.408,0.966,4.103
47413,β©‘ςs‚Tπ,43.2125,141.7856,4,46.104,52.185,20.952,53.305,5.947,7.110,2.616,7.280,2.113,2.401,1.172,2.582
41105,”ό‰SsΌ‚Tπ,43.3345,141.8468,4,29.817,34.719,10.438,35.185,3.891,4.358,1.614,4.366,1.213,1.302,0.587,1.526
41107,•x—Η–μsαΌ’¬,43.3457,142.3843,4,37.095,19.939,11.337,37.360,4.069,3.684,2.920,4.364,2.093,1.684,1.675,2.567
41109,–k©sφ‰€’¬,43.8177,143.9032,4,29.299,24.866,18.842,31.747,5.296,4.080,3.379,5.712,1.602,1.148,0.790,1.722
41110,’_UΙ’Bs”~–{,42.4739,140.8761,4,55.947,55.614,22.108,60.070,4.376,5.139,1.962,5.919,1.538,1.551,0.702,1.646
47424,“Ο¬–qs––L’¬,42.6381,141.6124,5γ,73.057,118.307,33.781,124.045,18.644,14.902,3.275,20.385,7.204,5.864,1.264,8.262
42112,”’V’¬’|‰Y,42.4928,141.2548,5γ,120.361,110.906,32.190,120.786,9.085,11.078,3.008,11.142,2.589,2.828,1.044,3.108
47004,ϊ^’¬­ΐ,42.6226,141.9204,5γ,161.787,261.561,32.462,268.427,19.471,18.417,3.872,21.345,4.266,3.389,1.444,4.604
42113,V‚Π‚Ύ‚©’¬Γ“ΰRθ’¬,42.3448,142.3622,5γ,109.075,112.118,27.273,131.843,11.272,11.092,3.989,12.339,2.113,3.035,1.783,3.119
47003,V‚Π‚Ύ‚©’¬Γ“ΰδ‰€,42.4099,142.4667,4,41.082,45.495,28.360,50.407,7.673,5.891,4.839,7.712,2.653,2.167,1.300,2.948
47372,‰Y‰Ν’¬–μ[,42.2826,142.7498,4,88.104,75.077,30.325,92.725,8.229,9.801,2.423,12.603,2.297,2.947,0.841,3.796
47426,‰Y‰Ν’¬’©,42.1625,142.7771,5γ,105.268,185.839,43.421,206.619,8.156,13.194,3.258,13.930,1.702,2.965,1.087,3.075
47417,‘ΡLs“‚Sπ,42.9226,143.2122,4,56.406,62.232,20.617,73.283,7.577,9.214,3.151,9.254,2.970,2.286,1.648,3.172
42108,\΄…’¬“μ‚Sπ,43.0115,142.8845,4,50.769,39.952,24.242,61.134,4.883,4.443,2.765,5.819,1.211,1.296,0.912,1.345
47575,ΒXs‰Τ‰€,40.8220,140.7686,4,74.257,95.491,37.856,96.666,12.685,11.538,3.111,12.879,4.800,3.283,1.001,4.988
41202,άμ΄s‰h’¬,40.7995,140.4429,5γ,94.785,75.710,26.203,103.540,14.434,10.904,4.195,15.199,3.190,3.875,1.617,4.539
42201,•½“ΰ’¬¬–©,40.9255,140.9527,5γ,189.632,189.605,102.438,194.975,13.222,14.056,3.536,14.997,3.345,2.220,0.890,3.803
41201,O‘Osa“c’¬,40.6114,140.4553,3,20.631,19.116,10.916,22.995,4.855,5.107,2.749,5.315,3.404,3.445,1.281,3.596
47009,O‘Os–ν¶,40.6519,140.3590,3,27.653,38.239,12.383,39.489,6.402,3.650,2.628,6.544,3.719,1.987,1.663,3.722
42202,ιΛƒ–‘ς’¬•‘Λ’¬–ΒΛ,40.7821,140.2334,4,49.174,45.079,22.453,58.113,7.885,7.998,5.369,8.774,3.152,4.287,2.047,4.752
47008,Zƒ–‘ΊoΛ,41.0073,141.3664,4,127.999,125.332,47.592,130.421,11.770,7.923,3.313,11.880,3.370,2.110,1.009,3.810
42204,άΛ’¬ΓΪ,40.5313,141.3079,5‹­,407.451,329.395,184.925,458.665,34.067,19.961,12.840,34.606,8.927,7.936,4.182,10.530
47576,‚ή‚Βs‹ΰ‹Θ,41.2834,141.2114,5‹­,212.830,227.497,67.901,246.100,21.800,21.590,8.141,22.710,4.010,4.983,2.684,5.778
47007,“’Κ‘Ί»q–”—’J’n,41.2653,141.3374,5γ,186.788,162.272,109.063,192.703,16.421,12.775,9.774,17.026,3.508,1.790,1.145,3.666
41203,“ρΛs•‰,40.2722,141.3037,4,89.411,79.067,40.254,93.915,12.581,8.987,4.432,12.708,4.195,2.191,0.791,4.279
42206,””¦•½s‘εX,39.9263,141.0951,4,64.524,111.876,35.643,116.944,7.674,7.696,3.513,9.016,2.214,2.218,0.696,2.713
41207,‰Bs…‘ς‘εΰ’¬,39.1292,141.1381,4,47.744,36.091,22.619,47.772,6.399,5.766,2.708,7.599,2.178,2.050,0.731,2.818
42213,“o•Δs’†“c’¬,38.7103,141.2357,4,41.697,43.690,22.386,48.287,5.281,5.000,1.967,6.090,1.071,1.240,0.376,1.556
41209,‘εθsΓμO“ϊ’¬,38.5741,140.9561,4,36.788,40.629,10.313,52.089,5.079,5.421,2.039,6.450,2.052,1.433,0.777,2.184
42212,—O’J’¬V’¬— ,38.5401,141.1272,4,60.596,51.747,18.738,67.025,6.688,6.907,1.660,7.918,1.384,1.109,0.390,1.620
41210,”\‘γs—Ξ’¬,40.1989,140.0330,3,13.538,11.810,6.386,16.752,7.714,4.929,2.506,7.758,5.732,3.121,1.850,5.837
47587,π“cs‹TƒPθ,38.9085,139.8435,3,19.825,19.667,4.260,20.187,5.323,5.127,1.878,5.782,2.923,2.176,1.210,3.226
42222,—V²’¬—V²,39.0120,139.9086,3,15.387,11.170,4.145,18.084,4.134,4.176,1.080,4.525,1.881,2.668,0.693,2.698
47005,ΞλsγΪ•x,43.2753,141.4175,3,37.602,33.098,12.165,44.671,3.162,2.691,1.651,3.519,1.443,1.284,0.817,1.589
47412,D–y’†‰›‹ζ–k‚Qπ,43.0604,141.3289,3,23.204,18.164,15.283,23.976,3.112,3.060,1.706,3.458,1.254,1.300,0.830,1.566
41102,]•Κs‚»’¬,43.1037,141.5359,4,42.070,43.686,14.869,48.923,5.446,4.220,2.032,5.799,2.529,1.958,1.152,2.868
47209,b’λs‹™•½,42.8435,141.4459,4,23.319,31.482,22.037,36.857,5.425,6.828,3.705,8.552,2.519,2.921,1.546,3.387
47430,”Ωs”ό΄,41.8169,140.7541,4,62.829,67.239,30.888,71.622,3.563,4.076,1.839,4.518,0.655,0.938,0.910,1.207
42115,µ”Ρ’¬χ’¬,41.9033,140.6880,4,54.241,67.949,16.547,69.547,4.161,4.217,2.373,4.412,0.719,0.944,0.638,0.962
47428,wR]·’¬‰W_,41.8679,140.1250,3,16.584,13.714,8.884,16.627,1.706,1.832,1.460,2.547,0.573,0.740,0.551,0.895
42103,—]s’¬’©“ϊ’¬,43.1952,140.7835,3,10.922,11.540,7.660,12.852,2.347,1.757,1.360,2.440,0.867,0.638,0.603,0.967
42102,β“ΰ’¬‚‘δ,42.9800,140.5150,3,10.019,7.412,5.964,11.694,2.343,1.765,1.643,2.366,1.662,1.032,0.711,1.675
47204,–k—³’¬—³Ό,43.7454,141.7212,3,16.902,17.384,7.412,18.516,2.043,3.063,1.272,3.083,0.870,1.150,0.730,1.288
41108,m•Κs“‚Uπ,44.1771,142.4013,3,8.466,10.879,3.381,10.896,1.821,1.772,1.064,1.966,0.956,0.688,0.685,1.146
41106,–Όρs‘ε’Κ,44.3557,142.4632,2,4.640,5.725,2.649,6.184,1.256,1.542,0.722,1.582,0.644,0.566,0.446,0.738
47407,®μs‹{‘O‚Pπ,43.7577,142.3730,3,12.624,8.591,4.894,12.862,2.963,1.863,2.090,3.276,1.590,1.041,1.185,1.667
42104,γ•x—Η–μ’¬‘ε’¬,43.4557,142.4670,3,13.719,18.888,6.790,19.933,1.886,2.007,1.412,2.480,0.610,0.806,0.825,0.976
47404,‰H–y’¬“μ‚Rπ,44.3633,141.7008,2,6.511,5.177,3.817,6.993,2.603,1.725,1.527,2.673,1.231,0.910,0.887,1.289
47203,‰R•Κ‘Ί—L–Ύ,44.4017,141.8493,2,4.302,5.123,2.744,5.246,1.181,1.410,1.164,1.706,0.913,0.873,0.778,1.146
47406,—―–Gs‘ε’¬,43.9463,141.6322,2,5.999,4.840,3.767,6.583,1.583,1.171,0.863,1.597,0.753,0.615,0.368,0.860
47225,—K•xm’¬‹Se,45.1400,141.3074,2,3.041,3.253,1.528,3.361,2.443,2.240,0.821,2.455,1.970,1.559,0.511,1.980
42105,”ό–y’¬“‚Rπ,43.8161,144.1033,3,14.792,16.734,6.936,17.421,2.197,2.809,0.927,2.821,0.766,0.809,0.424,0.848
42106,Ξ—Ά’¬–{’¬,43.9114,144.6711,3,10.125,9.178,4.434,10.750,2.265,1.731,0.834,2.506,1.140,0.880,0.400,1.187
47216,•½ζ’¬mΆ‰F,42.7811,142.3599,3,15.399,20.355,9.535,20.641,2.205,2.585,1.564,2.853,1.275,1.355,0.727,1.477
47217,‚¦‚θ‚ΰ’¬–{’¬,42.0174,143.1533,3,17.117,16.267,13.158,19.602,2.412,2.119,1.656,2.579,0.957,0.821,0.565,1.065
47219,–‹•Κ’¬’‰—ή–Ύa,42.6176,143.3604,3,13.831,15.410,10.085,17.845,1.908,2.254,1.154,2.289,0.641,0.759,0.386,0.893
42109,–{•Κ’¬–k‚Q’–Ϊ,43.1246,143.6111,3,27.705,30.893,54.488,55.285,2.205,2.387,1.927,2.768,1.036,1.052,0.501,1.370
47440,L”φ’¬•ΐ–Ψ’Κ,42.2948,143.3173,4,40.997,42.817,24.091,44.682,2.744,3.616,2.328,4.354,0.655,0.921,0.421,1.070
47002,L”φ’¬”’’’Κ,42.2913,143.2988,3,38.719,37.448,18.447,44.054,2.940,2.703,1.357,3.859,0.656,0.891,0.454,1.074
42110,’νq‹ό’¬”ό—Ά,43.4809,144.4366,3,13.507,12.455,8.960,15.085,2.230,1.658,0.828,2.307,0.687,0.641,0.217,0.752
47222,ϊέ’¬”φ–y,42.9972,144.6926,3,14.490,18.942,5.818,19.239,1.331,1.275,0.820,1.675,0.526,0.546,0.438,0.705
42111,•ΚC’¬ν”Υ,43.3946,145.1180,3,27.207,34.972,13.098,37.143,2.363,2.651,1.156,2.970,1.730,1.327,0.587,1.733
47229,άμ΄s‘Ύ“c,41.0602,140.4077,4,30.231,26.821,12.292,32.467,3.841,5.256,1.898,5.399,1.276,1.814,0.947,1.993
47574,[‰Y’¬[‰Y‰’¬,40.6464,139.9334,3,25.727,27.696,9.846,28.894,3.329,2.260,1.428,3.330,0.980,0.890,0.546,1.144
47351,”Λs“‡η,40.3762,141.5117,4,55.909,60.808,26.362,74.951,8.128,7.135,2.180,10.426,2.431,2.377,0.561,3.398
47581,”Λs–©’¬,40.5278,141.5217,5‹­,408.125,385.600,235.653,456.299,15.484,14.854,5.887,17.726,3.365,3.088,0.734,4.408
47228,‚ή‚Βs‘ε”¨’¬‰–ς¤,41.3847,141.0447,4,148.887,125.428,52.261,166.368,3.644,4.009,2.112,4.153,0.547,0.996,0.583,1.077
41204,‹vsμθ’¬,40.1894,141.7754,4,46.494,62.652,33.669,64.756,4.528,4.869,1.561,5.221,1.185,1.594,0.593,1.786
47010,‹vs}¬‘ς,40.2056,141.7098,5γ,227.729,129.084,42.396,228.079,10.005,7.751,2.535,10.310,1.014,1.861,0.660,2.131
42209,βθ—m–μ’¬νs,40.4083,141.7185,4,98.117,105.481,73.159,106.242,4.830,6.220,2.436,7.484,1.734,2.230,0.563,2.810
47512,‘ε‘D“ns‘ε‘D“n’¬,39.0653,141.7146,3,50.033,49.522,14.511,59.710,1.854,2.323,0.812,2.675,0.345,0.791,0.189,0.839
47238,‘ε‘D“ns’–μ’¬,39.0833,141.6649,3,35.469,29.746,11.235,38.051,1.247,1.597,0.898,1.709,0.323,0.834,0.309,0.889
41205,Ξs‘ό‰z’¬,39.2760,141.8856,3,42.318,43.440,19.394,53.115,1.309,2.388,0.896,2.416,0.240,0.995,0.268,0.996
47584,·‰sR‰¤’¬,39.6987,141.1658,4,77.176,78.297,27.928,85.752,4.173,6.465,1.460,6.527,0.540,1.096,0.412,1.107
47011,΄Ξ’¬Όγ‹ξ–Ψ–μ,39.7415,140.9527,3,25.091,23.878,15.199,28.840,3.754,2.978,1.635,3.922,1.700,1.203,0.660,2.052
47235,‹’¬‹³–Ψ,39.9872,141.3259,4,74.723,80.181,28.751,94.287,3.751,3.397,1.769,5.107,1.737,1.297,0.631,2.125
41206,–kγs–φ΄’¬,39.2929,141.1095,4,49.295,49.375,25.477,56.675,5.878,6.718,3.456,8.524,1.303,1.310,0.670,1.781
47013,‘εθsΓμ‘εθ,38.6022,140.9112,3,19.219,17.576,7.855,21.132,2.961,3.358,1.783,3.722,1.401,1.477,0.603,1.602
47569,ε‘δ‹σ`,38.1379,140.9278,3,19.923,15.821,6.975,20.347,1.946,2.337,0.842,2.398,0.613,0.962,0.254,0.982
47245,ΫX’¬γ‘κ,37.8692,140.7896,2,4.544,6.387,3.244,7.663,0.922,1.353,0.486,1.616,0.371,0.589,0.215,0.699
47590,ε‘δ‹{ι–μ‹ζά—Φ,38.2622,140.8968,3,12.902,13.290,6.655,14.262,1.730,1.788,0.616,2.080,0.642,0.583,0.221,0.777
42211,Ό“‡’¬‚ι,38.3853,141.0691,4,28.579,35.530,8.747,35.606,3.283,4.254,0.895,4.452,0.474,0.777,0.276,0.809
47233,’j­s’j­’†,39.9195,139.8066,2,5.144,4.669,2.058,6.880,1.342,1.054,0.459,1.667,0.712,0.567,0.272,0.834
42217,άι–Ϊ’¬Όιƒm–Ϊ,39.9438,140.1111,3,12.864,12.731,5.006,13.699,2.335,2.659,1.058,2.716,1.093,0.982,0.464,1.385
47582,H“csR‰¤,39.7179,140.0995,3,10.707,11.811,4.973,13.440,3.216,3.135,0.926,3.465,1.788,1.553,0.598,2.011
47352,H“cs—Ya—•Δ–Ψ,39.5424,140.2053,3,11.730,10.345,4.475,11.951,2.626,1.949,1.286,2.736,1.588,0.781,0.526,1.619
41211,—R—–{‘‘sΞe,39.3988,140.0469,3,10.022,10.402,5.473,11.729,2.992,1.976,1.268,3.557,1.596,0.919,0.467,1.877
47232,‘εΩs”δ“ΰ’¬–΅‘X“ΰ,40.1916,140.6326,3,13.778,14.245,8.219,18.044,2.244,1.736,1.082,2.580,1.252,0.963,0.512,1.454
42216,–kH“cs‰Τ‰€’¬,40.2260,140.3707,3,20.736,28.943,7.416,30.290,3.239,2.869,1.075,3.654,1.279,0.985,0.396,1.459
42219,‰΅θs—Y•¨μ’¬΅h,39.2912,140.4296,3,21.979,17.704,7.236,23.743,2.502,2.341,0.952,3.200,0.993,0.832,0.342,1.296
41212,“’‘ςs‰«’ί,39.1740,140.4796,3,16.775,18.157,6.028,18.537,2.147,2.539,0.890,2.748,0.806,0.762,0.355,0.955
42218,ε–kspΩ’¬’†›‘ς,39.5902,140.5671,3,12.574,11.973,6.307,13.141,1.998,1.607,0.999,2.017,0.639,0.777,0.326,0.823
47234,H“c”ό‹½’¬Z‹½“,39.3988,140.6297,3,15.434,21.632,9.866,21.664,1.995,1.920,1.299,2.196,0.650,0.526,0.526,0.733
41213,’ί‰s”nκ’¬,38.7271,139.8274,3,7.951,8.061,2.937,9.161,1.338,2.237,0.644,2.276,0.609,1.008,0.272,1.037
47249,π“cs”ς“‡,39.1978,139.5531,2,2.664,2.227,1.253,2.847,1.046,0.959,0.398,1.334,0.683,0.655,0.257,0.794
47016,—V²’¬¬΄“c,39.0162,139.9306,3,5.993,5.286,4.799,6.784,2.021,3.008,1.252,3.585,1.399,1.962,0.631,2.192
47520,V―s“’J’n“c’¬,38.7574,140.3122,3,9.039,10.376,4.295,10.608,2.275,2.794,1.245,3.266,1.438,1.312,0.705,1.626
42220,‰Ν–k’¬Ό—Ά,38.4144,140.2804,3,5.069,8.992,3.787,9.068,1.406,1.975,0.957,2.350,0.769,1.245,0.540,1.382
41214,•Δ‘ςs‰w‘O,37.9125,140.1211,2,5.571,5.780,2.779,6.495,1.170,1.070,0.542,1.286,0.512,0.551,0.210,0.761
47242,”’‘ι’¬•›,38.2243,140.0620,2,5.291,6.764,2.689,8.043,1.209,1.682,0.569,1.700,0.623,0.837,0.262,0.940
47247,‘ε‹Κ‘Ί“μ¬‰®,37.5600,140.3338,2,8.906,5.445,4.552,9.024,1.195,0.804,0.688,1.258,0.527,0.270,0.187,0.543
41216,“μ‘”ns΄’¬‹ζO“‡’¬,37.6413,140.9558,3,12.067,11.202,5.147,13.687,1.729,1.662,0.765,1.870,0.502,0.743,0.326,0.785
42228,Q]’¬τΆ‹΄,37.4945,140.9997,3,15.170,14.466,6.016,18.544,2.096,2.177,1.115,2.507,0.691,0.878,0.465,0.893
47570,‰ο’ΓαΌsή–Ψ’¬,37.4884,139.9104,2,2.736,3.237,1.619,3.663,1.053,1.404,0.567,1.493,0.635,0.749,0.282,0.851
42225,’–•c‘γ’¬ι“μ,37.5589,140.1049,2,7.467,6.211,2.721,8.147,1.745,1.731,0.774,1.883,0.775,0.935,0.252,0.997
47629,…Λs‹ΰ’¬,36.3816,140.4680,2,7.456,6.928,3.357,7.596,1.543,1.398,0.693,1.586,0.493,0.543,0.286,0.621
42302,ν—¤‘ε‹{s’†•x’¬,36.5427,140.4109,2,8.441,5.505,3.802,8.989,1.546,0.935,0.681,1.709,0.638,0.377,0.263,0.723
41302,“y‰Ysν–Ό,36.1041,140.1894,3,7.940,7.651,4.685,10.262,1.611,1.366,0.948,1.898,0.563,0.504,0.227,0.644
47020,’—s–x”V“ΰ,35.9659,140.5259,2,5.199,6.437,3.044,6.996,1.167,1.286,0.737,1.400,0.598,0.731,0.275,0.787
42304,’}ΌsM¶,36.2509,139.9321,3,11.208,14.357,3.648,14.388,2.199,1.942,0.793,2.796,1.607,0.947,0.379,1.749
41301,β“sβδ,36.0407,139.8832,2,7.467,5.474,1.899,7.527,1.320,1.129,0.620,1.489,0.673,0.539,0.246,0.739
42303,–g“cs–g“c,36.1586,140.5166,2,5.291,4.530,2.505,5.537,1.232,1.067,0.407,1.262,0.427,0.393,0.118,0.470
42305,—’¬•zμ,35.8578,140.1391,2,4.451,5.121,2.461,5.211,1.023,1.098,0.583,1.132,0.479,0.483,0.246,0.491
42310,”Β‘q’¬”Β‘q,36.2249,139.6015,2,6.409,6.848,2.615,7.031,1.718,1.605,0.578,1.811,0.601,0.515,0.168,0.670
47626,F’Jsχ’¬,36.1504,139.3807,2,4.262,4.421,1.489,5.010,1.196,1.391,0.445,1.831,0.535,0.761,0.227,0.799
42312,–{―s™‹Κ’¬,36.1907,139.1279,2,3.836,4.496,1.646,4.723,1.087,1.003,0.469,1.267,0.422,0.582,0.141,0.709
41310,‹vμs‰Ί‘©,36.0595,139.6669,2,6.341,6.993,1.788,9.116,1.348,1.344,0.655,1.773,0.840,0.926,0.404,0.956
41309,μ‰zs®’¬,35.9003,139.4731,2,3.543,4.332,1.766,4.513,1.095,1.398,0.601,1.471,0.662,0.878,0.266,0.879
47682,η—t’†‰›‹ζ’†‰›`,35.6027,140.1046,3,9.108,8.617,2.444,10.293,1.543,1.391,0.423,1.782,0.777,0.536,0.258,0.857
47051,η—t”ό•l‹ζ‚Π‚Ρ–μ,35.6438,140.0402,2,5.982,6.477,1.591,7.144,1.517,1.087,0.433,1.578,0.605,0.556,0.278,0.699
41311,”s®’¬,35.8600,139.9587,2,4.468,7.190,1.735,7.271,1.165,0.876,0.370,1.193,0.508,0.594,0.188,0.619
47052,‰Yΐs“ϊ‚Μo,35.6442,139.9240,3,11.028,9.744,2.005,11.315,2.686,1.787,0.548,2.717,1.010,0.631,0.301,1.078
47056,“‹`‹ζCέ,35.6389,139.7529,2,4.039,3.992,1.170,4.316,1.016,0.781,0.351,1.047,0.770,0.560,0.204,0.779
47055,“‹Vh‹ζΌVh,35.6907,139.6953,2,3.177,3.948,1.514,4.374,1.152,1.049,0.557,1.170,0.810,0.709,0.300,0.833
41318,“‹™•ΐ‹ζΆ²’J,35.7000,139.6366,2,3.082,2.713,1.472,3.527,1.442,1.027,0.614,1.584,0.923,0.616,0.348,0.974
41317,“‹]Λμ‹ζ’†‰›,35.7071,139.8687,3,7.054,7.635,2.429,8.431,1.488,1.517,0.552,1.813,0.544,0.524,0.294,0.646
47057,‰΅•l’ί©‹ζ‘ε•‚Σ“,35.4608,139.6733,-,5.135,4.126,1.935,5.148,1.472,1.181,0.683,1.609,0.611,0.610,0.412,0.685
47573,Vƒ‹σ`,37.9530,139.1094,2,3.700,3.996,1.648,4.231,1.793,1.858,0.937,2.067,1.337,1.323,0.646,1.412
47604,Vƒ’†‰›‹ζ”όη’¬,37.8937,139.0188,2,3.628,2.438,1.122,3.645,2.054,1.556,0.643,2.089,1.334,1.109,0.441,1.349
42318,VƒΌ—‹ζ–π,37.7607,138.8894,2,3.508,3.051,1.273,3.572,1.204,1.508,0.564,1.751,0.944,0.958,0.381,1.014
47212,”‰_’¬γ‚Μ“’,42.1193,140.3662,2,12.775,10.675,6.398,13.846,1.010,1.109,1.180,1.297,0.344,0.547,0.659,0.724
42114,“n“‡Ό‘O’¬•R,41.4300,140.1104,3,12.610,12.918,7.069,13.929,0.760,1.114,1.440,1.441,0.267,0.442,0.672,0.689
47042,“n“‡Ό‘O’¬΄•”,41.5248,140.0069,2,9.860,7.976,4.179,10.231,0.686,0.916,0.794,1.074,0.309,0.386,0.474,0.519
47006,‚Ή‚½‚Θ’¬–kwR‹ζ–L‰,42.4225,139.8767,2,6.409,7.484,3.424,7.920,0.864,1.236,0.661,1.312,0.371,0.481,0.288,0.525
47411,¬’Ms”[’¬,43.1828,141.0170,3,23.913,26.239,13.482,29.783,2.599,1.868,1.257,2.907,0.659,0.552,0.569,0.742
47210,Ο’O’¬“ϊi’¬,43.3549,140.4723,1,2.612,2.574,1.650,2.752,0.740,0.875,0.580,0.915,0.398,0.448,0.322,0.504
47211,“‡–q‘Ί]ƒm“‡,42.6455,140.0412,2,9.771,8.096,2.188,10.260,0.394,0.715,0.665,0.779,0.234,0.310,0.328,0.361
47421,υ“s’¬V‰h,42.7956,140.2243,2,8.911,8.577,2.933,9.298,0.836,1.049,0.488,1.076,0.472,0.357,0.240,0.544
47227,‰K’¬Ό],42.0850,139.4705,1,3.269,2.682,1.763,4.107,0.479,0.657,0.453,0.748,0.313,0.300,0.291,0.386
47205,m•Κs’©“ϊ’¬,44.1189,142.5933,2,2.687,3.559,2.747,3.829,1.155,0.945,0.792,1.344,0.564,0.397,0.490,0.696
47206,γμ’n•ϋγμ’¬‰zH,43.8763,142.7437,2,6.347,5.206,2.560,6.475,1.010,0.828,0.829,1.285,0.510,0.451,0.477,0.559
47207,“μ•x—Η–μ’¬τ“Π,43.1664,142.5903,3,17.001,17.693,10.797,18.094,1.622,2.150,2.206,2.265,0.663,0.495,0.838,0.897
47201,’t“ΰsb–k,45.3183,141.8934,1,1.003,1.072,0.936,1.333,0.657,0.706,0.470,0.871,0.436,0.447,0.313,0.600
47401,’t“ΰsJ‰^,45.4154,141.6783,1,1.148,1.279,0.914,1.517,0.803,0.842,0.621,1.017,0.490,0.592,0.383,0.632
47202,@’J}K’¬–¦’¬,44.9614,142.5798,1,1.320,1.626,0.996,1.774,0.471,0.499,0.465,0.551,0.235,0.310,0.263,0.347
47402,@’J}K’¬–{’¬,44.9402,142.5851,1,1.323,1.329,1.192,1.914,0.481,0.527,0.478,0.601,0.262,0.301,0.255,0.355
47409,–Τ‘–s‘δ’¬,44.0182,144.2796,2,3.942,2.966,1.713,4.380,1.201,0.907,0.485,1.244,0.401,0.699,0.236,0.703
47362,–k©sνC’¬“•l,44.1185,144.0855,2,6.409,7.232,2.782,7.429,0.737,0.994,0.544,1.128,0.287,0.374,0.226,0.410
42107,–k©s—―•ΣεA’¬‰·“’‰·ς,43.7585,143.5093,2,12.884,14.892,4.552,15.466,1.093,1.052,0.520,1.246,0.347,0.395,0.249,0.443
47435,–δ•Κs“μ‚‹u’¬,44.3455,143.3555,2,4.030,3.158,1.666,4.235,0.583,0.579,0.529,0.642,0.284,0.332,0.281,0.345
47208,‰“y’¬Ϋ£•z‹ΰ—NR,44.0092,143.3559,2,7.268,5.939,4.044,7.967,0.988,0.787,0.696,1.250,0.330,0.311,0.222,0.432
47405,—Y•’¬—Y•,44.5825,142.9618,2,2.246,2.512,1.848,2.724,0.660,0.699,0.623,0.703,0.311,0.332,0.290,0.377
47423,Ί—–sRθ’¬,42.3118,140.9752,3,22.087,24.999,17.088,31.056,1.921,2.079,1.818,2.650,0.515,0.632,0.709,0.850
47215,“o•ΚszR,42.4709,141.0346,4,96.274,100.669,16.622,103.944,2.648,2.843,1.120,3.043,0.418,0.909,0.558,1.016
47218,‘«ρ’¬γ—†p,43.2993,143.7656,3,20.237,24.276,8.159,26.334,1.432,1.302,0.843,1.734,0.599,0.552,0.322,0.705
47418,‹ϊHsK’¬,42.9867,144.3782,3,18.113,16.776,8.060,19.865,1.624,1.347,0.705,1.908,0.691,0.515,0.366,0.720
47001,•l’†’¬“’•¦,43.0828,145.1608,2,14.157,15.448,4.268,16.774,1.052,1.399,0.700,1.500,0.725,0.709,0.411,0.778
47221,’†•W’Γ’¬—{V‹,43.5875,144.7151,2,20.736,23.301,5.810,24.080,0.649,0.700,0.428,0.724,0.279,0.318,0.221,0.340
47041,•W’Γ’¬Γ‘½f,43.7756,145.0046,3,9.426,8.695,6.684,12.236,1.229,1.068,0.855,1.469,0.634,0.525,0.268,0.637
47224,—…‰P’¬t“ϊ,43.9400,145.1201,2,5.934,6.507,3.231,7.589,0.462,0.688,0.369,0.703,0.230,0.372,0.162,0.378
47420,Ίs–ν‰h,43.3310,145.5857,2,5.303,6.817,2.581,6.865,0.624,0.502,0.507,0.730,0.270,0.333,0.236,0.352
47360,Ίs–L—Ά,43.3675,145.7388,2,5.367,4.540,2.248,6.056,0.540,0.491,0.456,0.567,0.272,0.297,0.238,0.310
47231,[‰Y’¬’·c•½,40.5955,140.0035,3,11.507,16.339,6.037,16.758,1.517,1.676,1.432,2.041,0.631,1.043,0.789,1.162
47230,µΛ’¬–k“VΤΪ,40.7895,141.0647,4,13.608,10.368,8.312,14.478,1.580,1.709,1.556,1.974,0.650,0.640,0.600,0.912
47376,‹{Γs’·‘ς,39.5767,141.8197,3,25.050,26.623,14.408,31.952,1.331,2.285,1.055,2.321,0.200,1.040,0.392,1.042
42208,R“c’¬””¦’¬,39.4676,141.9492,4,52.440,30.515,21.781,54.516,2.247,2.356,1.254,2.928,0.263,0.902,0.328,0.902
47236,“c–μ”¨‘Ί“c–μ”¨,39.9416,141.8603,3,21.628,28.094,15.282,28.823,1.135,1.425,0.801,1.505,0.301,0.776,0.319,0.833
42207,κΦs‘ε“’¬,39.0171,141.3956,3,28.949,42.331,12.167,44.266,1.118,1.755,0.781,2.080,0.340,0.669,0.209,0.758
41208,‹CεΐsΤβ,38.8806,141.5743,3,42.333,52.706,11.045,58.487,1.796,2.511,1.056,2.645,0.368,0.745,0.367,0.831
47012,‹Cεΐs–{‹g’¬Όμ“ΰ,38.8108,141.4738,3,14.269,21.115,10.127,21.876,0.847,1.632,0.914,1.714,0.258,0.365,0.272,0.465
42215,“μO—¤’¬u’Γμ,38.6784,141.4610,2,15.732,11.388,6.572,15.875,0.942,1.031,0.642,1.215,0.264,0.413,0.270,0.464
42210,Δ“c’¬‘D‰,38.0547,140.7626,2,8.501,8.560,2.894,10.550,0.616,0.997,0.495,1.009,0.204,0.554,0.188,0.579
47243,ε‘δΒ—t‹ζ‘ε‘q,38.3679,140.6602,3,12.548,10.843,5.422,12.833,0.975,0.941,0.484,1.210,0.287,0.378,0.211,0.380
47592,Ξsς’¬,38.4277,141.2994,3,18.755,16.443,8.460,20.376,1.009,1.060,0.657,1.225,0.223,0.379,0.172,0.396
47244,Ξs‘ε‰Z,38.4574,141.3457,2,10.708,10.251,6.312,11.388,0.689,0.876,0.526,0.897,0.202,0.283,0.205,0.323
47241,’ί‰s‰·Cμ,38.5961,139.7104,2,5.964,7.173,3.531,7.463,0.929,1.017,0.600,1.211,0.319,0.476,0.169,0.520
47240,R`‹ΰR’¬’†“c,38.9215,140.3562,2,3.939,4.150,3.268,4.788,0.728,1.418,0.585,1.446,0.344,0.548,0.256,0.598
47588,R`s—Ξ’¬,38.2562,140.3459,2,5.472,3.976,2.856,5.668,1.011,1.150,0.579,1.231,0.386,0.562,0.253,0.581
47017,•Δ‘ςsƒAƒ‹ƒJƒfƒBƒA,37.9127,140.1436,3,10.078,7.600,3.364,10.182,1.470,1.422,0.431,1.511,0.419,0.517,0.172,0.671
42221,R`¬‘’¬βδ‘ς,38.0562,139.7478,2,5.042,6.209,2.931,6.717,0.955,1.194,0.480,1.195,0.428,0.454,0.216,0.646
47595,•“‡s‰Τ‰€’¬,37.7621,140.4734,3,14.912,11.506,4.738,15.072,1.552,1.680,0.661,2.032,0.341,0.445,0.208,0.487
41215,SRs’©“ϊ,37.4009,140.3600,3,13.000,17.062,5.050,17.412,1.584,1.884,0.588,2.049,0.340,0.359,0.140,0.469
47597,”’‰Νss“ΰ,37.1322,140.2155,2,4.415,5.039,2.185,5.065,0.891,0.977,0.436,1.152,0.248,0.395,0.156,0.465
42227,“c‘Ίs‘Dψ’¬,37.4401,140.5765,2,7.904,7.078,1.501,8.455,0.516,0.519,0.290,0.658,0.291,0.257,0.133,0.389
42226,’I‘q’¬’I‘q’†‹–μ,37.0292,140.3802,2,5.886,7.521,3.047,8.272,0.701,0.643,0.405,0.767,0.199,0.251,0.117,0.288
47018,Γ“a’¬Όμ‰΅μ,37.0909,140.5611,1,2.653,2.552,2.080,3.416,0.280,0.343,0.380,0.422,0.098,0.152,0.162,0.184
47598,‚Ά‚ν‚«s¬–Ό•l,36.9479,140.9033,3,11.179,9.048,4.765,11.691,1.447,1.555,0.628,1.557,0.423,0.364,0.127,0.424
47374,‚Ά‚ν‚«sOa’¬,37.1048,140.7983,2,8.159,10.901,2.817,12.585,0.582,0.782,0.345,0.815,0.150,0.206,0.117,0.228
47044,“μ‘”ns­“‡‹ζ“ΘE,37.7246,140.8874,2,6.851,6.890,2.942,7.730,0.873,0.954,0.568,1.224,0.353,0.500,0.202,0.570
47246,μ“ΰ‘Ί‰Ίμ“ΰ,37.3695,140.8712,2,5.202,5.912,2.261,6.128,0.489,0.521,0.349,0.553,0.199,0.271,0.181,0.314
42223,“μ‰ο’Γ’¬“c“‡,37.2002,139.7732,2,2.322,2.734,1.009,3.183,0.388,0.464,0.244,0.488,0.127,0.167,0.116,0.192
42224,Ό‰ο’Γ’¬–μ‘ς,37.5871,139.6487,2,3.371,3.157,1.484,3.494,0.708,0.839,0.392,0.851,0.304,0.360,0.193,0.405
47248,–φ’Γ’¬‘ε¬‘ς,37.4096,139.7011,1,1.188,1.091,0.825,1.221,0.330,0.377,0.255,0.399,0.209,0.243,0.142,0.279
47259,ν—¤‘Ύ“cs’¬‰®’¬,36.6140,140.5653,1,3.280,2.647,1.554,3.508,0.298,0.231,0.259,0.336,0.092,0.099,0.086,0.112
47019,‚Π‚½‚Ώ‚Θ‚©sRƒmγ’¬,36.3405,140.5868,2,2.777,2.421,1.112,3.221,0.302,0.410,0.199,0.450,0.095,0.123,0.095,0.148
47628,Ξ‰s`‰,36.2342,140.1893,3,10.987,8.475,3.728,12.006,1.385,1.116,0.455,1.601,0.272,0.296,0.150,0.343
42301,οι­“s”«`,35.9665,140.6464,2,4.897,6.786,2.171,6.931,1.079,1.443,0.414,1.499,0.470,0.497,0.243,0.539
41303,“ϊυs£μ,36.7346,139.6882,1,2.517,2.657,1.053,2.694,0.327,0.536,0.203,0.538,0.095,0.168,0.119,0.176
47690,“ϊυs’†‹{βK,36.7404,139.4957,1,1.160,1.036,0.631,1.298,0.241,0.281,0.147,0.313,0.110,0.173,0.066,0.197
42308,‘ε“c΄s•‰H“c’¬,36.8633,140.1216,2,2.340,3.039,1.862,3.041,0.419,0.394,0.331,0.501,0.135,0.185,0.144,0.198
47256,“ί{‰–΄sε―ΐ,36.9715,139.9164,2,2.154,2.989,1.656,3.119,0.586,0.767,0.519,0.848,0.257,0.348,0.199,0.369
47615,‰F“s‹{s–Ύ•Ϋ–μ’¬,36.5498,139.8683,2,4.925,5.012,1.620,5.310,0.747,0.710,0.389,0.815,0.224,0.294,0.182,0.297
41304,“Θ–Ψs®’¬,36.3772,139.7363,2,3.555,2.911,1.470,4.124,0.446,0.584,0.294,0.606,0.205,0.226,0.149,0.236
42307,“ί{‰GRs_’·,36.6591,140.1333,2,3.488,3.904,2.717,4.132,0.639,0.560,0.376,0.682,0.171,0.175,0.124,0.219
42306,‰vq’¬‰vq,36.4675,140.0931,2,2.950,3.582,0.961,3.799,0.344,0.382,0.207,0.420,0.126,0.170,0.116,0.188
41305,ΐ“csΌ‘q“ΰ’¬,36.6461,139.0428,2,2.663,2.450,0.943,2.759,0.609,0.808,0.198,0.949,0.346,0.538,0.123,0.611
42309,“αΘ’¬΄’¬,36.5714,138.8212,1,0.742,0.648,0.385,0.746,0.321,0.331,0.148,0.358,0.164,0.269,0.073,0.300
47624,‘O‹΄sΊa’¬,36.4055,139.0608,1,2.102,1.622,1.152,2.105,0.971,0.881,0.358,1.000,0.690,0.644,0.213,0.723
41307,‹Λ¶s‹Ρ’¬,36.4042,139.3315,2,2.613,3.701,1.734,4.201,0.407,0.417,0.208,0.487,0.211,0.119,0.085,0.227
41306,•x‰sµ“ϊs,36.2639,138.8803,1,1.395,1.728,0.831,2.071,0.675,0.861,0.278,1.022,0.394,0.523,0.156,0.656
42311,”µR’¬‘ε“¤Λ,35.9814,139.3341,2,2.222,3.631,2.103,4.218,0.856,0.976,0.554,1.012,0.483,0.432,0.236,0.560
41308,‚³‚Ά‚½‚ά‰Ya‹ζ‚»,35.8582,139.6485,2,4.789,4.275,1.657,4.848,1.263,1.342,0.658,1.426,0.568,0.652,0.462,0.789
47641,’•ƒsγ’¬,35.9897,139.0738,1,1.727,3.091,1.249,3.192,0.525,0.484,0.370,0.748,0.274,0.209,0.177,0.322
47648,’¶qsμϋ’¬,35.7399,140.8580,2,2.515,3.353,0.903,3.632,0.404,0.490,0.220,0.538,0.142,0.193,0.095,0.211
47370,’¶qs¬”¨V’¬,35.7211,140.8578,1,2.092,2.066,0.635,2.500,0.405,0.377,0.175,0.508,0.142,0.177,0.107,0.197
41315,“‹ΰs“Vh,35.5607,140.3681,2,4.006,3.443,1.395,4.027,0.821,0.874,0.481,1.002,0.570,0.469,0.277,0.653
41313,ζs²΄•½“c,35.8864,140.5066,2,6.681,5.242,3.887,7.052,1.095,1.270,0.525,1.276,0.639,0.782,0.209,0.782
47021,R•sΌ”φ’¬•xm©‘δ,35.6426,140.4483,2,4.320,4.004,1.470,4.504,1.135,0.810,0.515,1.313,0.551,0.631,0.372,0.721
42313,‘½Γ’¬‘½Γ,35.7354,140.4675,2,4.382,4.220,1.732,5.377,0.810,0.736,0.342,0.913,0.555,0.466,0.172,0.558
42314,κ‹{’¬κ‹{,35.3718,140.3684,2,2.356,2.819,1.148,3.106,0.669,0.697,0.311,0.829,0.356,0.399,0.209,0.441
47263,’·“μ’¬‘‡ƒOƒ‰ƒEƒ“ƒh,35.3842,140.2355,2,2.515,4.669,1.547,4.679,0.755,1.266,0.413,1.314,0.516,0.475,0.295,0.558
47686,¬“c‘Ϋ‹σ`,35.7747,140.3823,2,5.638,5.983,2.134,6.298,0.960,0.844,0.452,1.031,0.453,0.615,0.214,0.750
41312,¬“cs–ΌΓ‰®,35.8633,140.3619,2,5.231,3.351,2.181,5.381,1.009,0.777,0.454,1.089,0.454,0.483,0.190,0.525
47672,ΩRs’·{‰κ,34.9871,139.8654,2,3.274,3.496,2.004,3.517,0.919,0.680,0.402,0.969,0.436,0.300,0.207,0.457
41314,–ΨX’Γs‘Ύ“c,35.3786,139.9448,2,3.616,3.754,1.843,3.880,0.935,0.895,0.558,0.977,0.423,0.467,0.272,0.494
47674,‰Ys–n–Ό,35.1507,140.3121,1,1.154,1.049,0.454,1.288,0.302,0.303,0.115,0.321,0.142,0.132,0.073,0.157
41316,›μs”F,35.1140,140.0982,2,2.126,2.779,0.790,2.783,0.425,0.672,0.274,0.678,0.203,0.304,0.169,0.314
47022,›μs“ΰ‰Y,35.1600,140.1991,1,1.367,1.355,0.640,1.529,0.328,0.416,0.191,0.446,0.180,0.213,0.096,0.228
47373,“μ–[‘sγ–x,35.0353,139.8874,2,1.873,2.056,1.471,2.338,0.675,0.617,0.373,0.748,0.343,0.316,0.203,0.378
47053,“‹–n“c‹ζ‰΅μ,35.7039,139.8150,2,5.375,3.856,1.353,5.403,1.065,0.746,0.595,1.156,0.694,0.453,0.333,0.766
47054,“‹]“‹ζΒC,35.6168,139.7812,2,6.451,4.852,1.791,6.905,1.176,1.100,0.439,1.213,0.594,0.566,0.222,0.700
47671,“‹‘Ϋ‹σ`,35.5352,139.7998,2,5.254,3.620,1.558,5.301,1.220,1.111,0.531,1.576,0.753,0.707,0.347,0.774
41320,”‰¤qs‘ε‰΅’¬,35.6645,139.3272,1,1.986,1.590,0.945,2.416,0.461,0.298,0.211,0.529,0.180,0.137,0.076,0.221
41319,‘•›s•ΐ–Ψ’¬,35.7152,139.4502,2,2.664,3.166,1.368,3.410,0.843,0.885,0.417,1.079,0.467,0.550,0.223,0.666
41321,Β”~s“Β”~,35.7880,139.2751,1,1.095,0.939,0.521,1.311,0.261,0.211,0.120,0.307,0.117,0.116,0.075,0.135
47675,Ι“¤‘ε“‡’¬³’¬,34.7502,139.3553,1,1.070,0.939,0.489,1.072,0.278,0.221,0.141,0.298,0.142,0.129,0.064,0.146
47023,“‹—“‡‘Ί“R,34.5236,139.2883,1,0.958,0.910,0.339,1.010,0.283,0.233,0.097,0.301,0.218,0.163,0.062,0.226
47670,‰΅•l’†‹ζRθ’¬,35.4398,139.6529,2,4.001,5.825,1.330,6.629,0.836,1.094,0.361,1.212,0.454,0.432,0.244,0.470
41322,μθ’†΄‹ζ¬™w‰®’¬,35.5869,139.6551,2,3.078,4.122,1.403,4.584,0.743,0.745,0.357,0.871,0.488,0.524,0.198,0.550
47264,‰΅{‰κsυ‚Μ‹u,35.2269,139.6629,2,2.039,2.262,1.176,2.514,0.431,0.479,0.362,0.593,0.254,0.245,0.220,0.294
41325,ƒ–θsƒ–θ,35.3344,139.4032,2,2.892,3.894,1.147,3.924,0.638,0.809,0.239,0.838,0.315,0.397,0.148,0.460
41324,`–μs‘]‰®,35.3799,139.2109,1,1.668,2.123,1.028,2.212,0.336,0.361,0.256,0.384,0.135,0.206,0.133,0.209
42315,“’‰Ν΄’¬’†‰›,35.1479,139.1082,2,4.650,3.599,1.138,4.678,0.415,0.470,0.229,0.498,0.131,0.267,0.111,0.282
41329,…‹›μsκ‚Μ‹{,37.0388,137.8633,1,0.663,0.797,0.375,0.848,0.341,0.231,0.127,0.352,0.203,0.133,0.078,0.210
47612,γ‰zs‘εθ’¬,37.1068,138.2469,1,1.153,1.112,0.332,1.395,0.501,0.407,0.135,0.526,0.253,0.241,0.086,0.277
41328,’·‰sK’¬,37.4357,138.8407,1,1.167,0.987,1.075,1.393,0.654,0.453,0.451,0.678,0.451,0.329,0.194,0.453
41330,¬η’Jsι“ΰ,37.3125,138.7927,1,1.637,1.273,0.855,1.652,0.649,0.547,0.343,0.803,0.475,0.399,0.243,0.551
42319,“μ‹›ΐsZ“ϊ’¬,37.0656,138.8760,2,4.574,4.962,0.549,5.053,0.771,1.098,0.163,1.099,0.205,0.270,0.089,0.277
47253,o‰_θ’¬•Δ“c,37.5345,138.7064,1,1.810,1.868,0.908,2.041,0.664,0.915,0.373,0.964,0.507,0.595,0.220,0.616
41327,VƒH—t‹ζ’φ“‡,37.7877,139.1121,2,3.570,3.607,1.228,3.894,0.997,0.914,0.486,1.118,0.623,0.621,0.258,0.773
41326,‘Ίγs‰–’¬,38.2286,139.4746,1,1.526,1.956,0.947,1.997,0.461,0.566,0.261,0.700,0.206,0.382,0.141,0.423
42317,άςs‘ΊΌ‰³,37.6934,139.1743,1,1.623,1.808,1.318,1.999,0.715,0.613,0.369,0.933,0.393,0.423,0.208,0.564
47252,Ά‰κ–μs”¨],37.8212,139.3142,1,0.705,0.797,0.641,0.966,0.306,0.274,0.252,0.382,0.200,0.174,0.143,0.249
42316,‘Ω“ΰsVa’¬,38.0596,139.4102,2,2.770,2.513,2.026,3.013,1.007,0.864,0.817,1.106,0.619,0.580,0.461,0.792
47600,—Φ“‡s–P’¬,37.3912,136.8952,1,1.768,1.350,0.510,1.841,0.250,0.238,0.096,0.308,0.110,0.098,0.064,0.114
42325,”\“o’¬‰Fo’Γ,37.3109,137.1473,1,0.997,0.802,0.268,1.025,0.131,0.091,0.058,0.133,0.028,0.020,0.033,0.041
47638,b•{s”Ρ“c,35.6674,138.5539,2,2.188,2.675,1.070,2.870,0.388,0.491,0.182,0.529,0.154,0.234,0.059,0.239
41338,bBs‰–R‰Ί‰—‘],35.7003,138.7213,1,1.630,2.329,0.970,2.367,0.298,0.414,0.173,0.421,0.130,0.130,0.080,0.146
47268,g‰„’¬‘ει¬ι,35.5009,138.5414,1,0.940,1.212,0.653,1.252,0.233,0.242,0.135,0.293,0.157,0.162,0.081,0.178
42328,γ–μ΄sl•ϋ’Γ,35.6134,139.0815,1,1.065,1.093,0.667,1.320,0.201,0.237,0.149,0.286,0.132,0.163,0.094,0.204
47640,•xm‰ΝϋΞ’¬‘D’Γ,35.5008,138.7606,2,2.022,1.947,1.644,2.308,0.459,0.610,0.327,0.625,0.166,0.279,0.103,0.282
47610,’·–μs” ΄…,36.6627,138.1926,1,0.931,1.432,0.540,1.566,0.414,0.547,0.190,0.549,0.308,0.313,0.116,0.333
41340,γ“cs’z’n,36.3992,138.2081,1,1.280,0.856,0.452,1.414,0.244,0.229,0.155,0.309,0.116,0.121,0.095,0.146
47620,z–KsΞέ’Κ‚θ,36.0461,138.1095,2,2.836,2.955,0.918,3.597,0.874,0.937,0.228,0.939,0.360,0.338,0.096,0.362
47622,yδ‘ς’¬’Η•,36.3421,138.5472,2,2.010,2.295,1.061,2.378,0.650,0.681,0.282,0.705,0.324,0.368,0.123,0.381
47637,”Ρ“cs‚‰H’¬,35.5232,137.8226,1,1.074,1.036,0.607,1.263,0.322,0.274,0.144,0.364,0.182,0.124,0.064,0.197
42331,”Ρ“‡’¬”Ρ“‡,35.6767,137.9195,1,1.077,0.967,0.738,1.396,0.292,0.395,0.162,0.409,0.138,0.211,0.084,0.247
47668,”MCs–Τ‘γ,35.0482,139.0925,1,1.035,1.205,0.500,1.220,0.131,0.226,0.090,0.232,0.068,0.085,0.052,0.099
42338,Ι“s‘ε΄,34.9654,139.1020,1,1.043,1.190,0.483,1.423,0.236,0.245,0.109,0.292,0.109,0.140,0.062,0.162
47027,Ι“¤s’†Ι“¤ƒOƒ‰ƒEƒ“ƒh,34.9588,139.0087,1,2.142,2.309,0.919,2.519,0.360,0.385,0.166,0.458,0.143,0.196,0.064,0.199
47657,O“‡s“–{’¬,35.1141,138.9257,1,2.387,2.114,0.782,2.723,0.419,0.417,0.188,0.452,0.173,0.229,0.078,0.272
41346,•xm‹{s‹|‘ς’¬,35.2232,138.6210,1,1.783,1.775,0.952,1.908,0.450,0.538,0.193,0.620,0.223,0.330,0.102,0.354
41343,δ“aκs”‹΄,35.3102,138.9304,2,3.736,3.277,1.945,3.848,0.819,0.817,0.364,0.887,0.388,0.505,0.145,0.525
41347,Γ‰΄…‹ζηΞ’¬,35.0168,138.4848,2,1.650,2.349,0.532,2.380,0.325,0.461,0.193,0.546,0.120,0.230,0.100,0.260
47747,–L‰sχ’¬,35.5358,134.8226,1,0.792,0.491,0.138,0.813,0.134,0.084,0.027,0.138,0.026,0.022,0.012,0.028
